,close,datetime,exchange_code,expiry_date,high,low,open,open_interest,product_type,stock_code,volume
0,22603.0,2025-03-12 09:15:00,NFO,27-MAR-2025,22616.35,22592.4,22600.0,17582925,Futures,NIFTY,109350
1,22609.4,2025-03-12 09:16:00,NFO,27-MAR-2025,22609.4,22590.0,22603.0,17582925,Futures,NIFTY,78975
2,22612.0,2025-03-12 09:17:00,NFO,27-MAR-2025,22612.4,22600.5,22609.4,17582925,Futures,NIFTY,60225
3,22612.7,2025-03-12 09:18:00,NFO,27-MAR-2025,22614.95,22607.0,22613.2,17595525,Futures,NIFTY,57750
4,22586.0,2025-03-12 09:19:00,NFO,27-MAR-2025,22610.1,22585.75,22610.1,17595525,Futures,NIFTY,29925
5,22554.65,2025-03-12 09:20:00,NFO,27-MAR-2025,22584.95,22553.1,22584.95,17595525,Futures,NIFTY,56550
6,22555.4,2025-03-12 09:21:00,NFO,27-MAR-2025,22563.05,22545.95,22558.05,17643600,Futures,NIFTY,63000
7,22546.75,2025-03-12 09:22:00,NFO,27-MAR-2025,22557.8,22543.0,22555.85,17643600,Futures,NIFTY,42375
8,22557.95,2025-03-12 09:23:00,NFO,27-MAR-2025,22559.75,22546.75,22546.75,17643600,Futures,NIFTY,33075
9,22566.5,2025-03-12 09:24:00,NFO,27-MAR-2025,22571.75,22559.0,22559.0,17673150,Futures,NIFTY,41475
10,22544.5,2025-03-12 09:25:00,NFO,27-MAR-2025,22568.25,22544.5,22566.5,17673150,Futures,NIFTY,28275
11,22531.9,2025-03-12 09:26:00,NFO,27-MAR-2025,22541.9,22525.95,22541.9,17673150,Futures,NIFTY,67575
12,22516.95,2025-03-12 09:27:00,NFO,27-MAR-2025,22534.9,22513.85,22532.0,17693775,Futures,NIFTY,59850
13,22512.15,2025-03-12 09:28:00,NFO,27-MAR-2025,22521.0,22511.6,22517.0,17693775,Futures,NIFTY,30450
14,22512.05,2025-03-12 09:29:00,NFO,27-MAR-2025,22525.0,22512.05,22514.25,17693775,Futures,NIFTY,28050
15,22506.5,2025-03-12 09:30:00,NFO,27-MAR-2025,22513.65,22501.0,22512.05,17683125,Futures,NIFTY,82050
16,22512.45,2025-03-12 09:31:00,NFO,27-MAR-2025,22519.95,22510.05,22512.35,17683125,Futures,NIFTY,32025
17,22512.0,2025-03-12 09:32:00,NFO,27-MAR-2025,22515.0,22500.5,22510.0,17683125,Futures,NIFTY,36075
18,22510.5,2025-03-12 09:33:00,NFO,27-MAR-2025,22511.95,22505.3,22511.95,17706600,Futures,NIFTY,17025
19,22511.05,2025-03-12 09:34:00,NFO,27-MAR-2025,22517.75,22505.45,22511.0,17706600,Futures,NIFTY,43725
20,22506.0,2025-03-12 09:35:00,NFO,27-MAR-2025,22516.15,22495.0,22516.15,17706600,Futures,NIFTY,49725
21,22517.35,2025-03-12 09:36:00,NFO,27-MAR-2025,22517.35,22501.3,22506.0,17704275,Futures,NIFTY,24525
22,22524.65,2025-03-12 09:37:00,NFO,27-MAR-2025,22536.55,22515.0,22515.0,17704275,Futures,NIFTY,47400
23,22527.0,2025-03-12 09:38:00,NFO,27-MAR-2025,22527.8,22520.05,22524.65,17704275,Futures,NIFTY,15075
24,22533.0,2025-03-12 09:39:00,NFO,27-MAR-2025,22539.0,22526.95,22527.85,17630850,Futures,NIFTY,17250
25,22532.0,2025-03-12 09:40:00,NFO,27-MAR-2025,22535.0,22522.0,22533.0,17630850,Futures,NIFTY,11025
26,22540.0,2025-03-12 09:41:00,NFO,27-MAR-2025,22545.4,22531.95,22532.0,17630850,Futures,NIFTY,27300
27,22539.4,2025-03-12 09:42:00,NFO,27-MAR-2025,22540.85,22527.95,22539.9,17635200,Futures,NIFTY,17250
28,22536.9,2025-03-12 09:43:00,NFO,27-MAR-2025,22543.7,22534.55,22540.0,17635200,Futures,NIFTY,19050
29,22520.95,2025-03-12 09:44:00,NFO,27-MAR-2025,22538.55,22515.0,22535.05,17635200,Futures,NIFTY,25650
30,22507.85,2025-03-12 09:45:00,NFO,27-MAR-2025,22521.55,22487.0,22521.55,17649000,Futures,NIFTY,71400
31,22505.05,2025-03-12 09:46:00,NFO,27-MAR-2025,22523.6,22505.0,22506.05,17649000,Futures,NIFTY,18150
32,22516.0,2025-03-12 09:47:00,NFO,27-MAR-2025,22516.0,22504.35,22504.35,17649000,Futures,NIFTY,13725
33,22536.1,2025-03-12 09:48:00,NFO,27-MAR-2025,22536.1,22514.45,22516.0,17641950,Futures,NIFTY,18675
34,22548.0,2025-03-12 09:49:00,NFO,27-MAR-2025,22555.9,22541.0,22541.0,17641950,Futures,NIFTY,29850
35,22558.5,2025-03-12 09:50:00,NFO,27-MAR-2025,22559.0,22545.05,22547.4,17641950,Futures,NIFTY,18450
36,22554.0,2025-03-12 09:51:00,NFO,27-MAR-2025,22559.0,22552.1,22557.05,17641500,Futures,NIFTY,17850
37,22552.0,2025-03-12 09:52:00,NFO,27-MAR-2025,22555.0,22545.0,22553.25,17641500,Futures,NIFTY,8625
38,22545.0,2025-03-12 09:53:00,NFO,27-MAR-2025,22558.95,22545.0,22553.05,17641500,Futures,NIFTY,7725
39,22535.15,2025-03-12 09:54:00,NFO,27-MAR-2025,22548.3,22535.15,22546.75,17643675,Futures,NIFTY,10875
40,22527.65,2025-03-12 09:55:00,NFO,27-MAR-2025,22540.0,22521.0,22540.0,17643675,Futures,NIFTY,13050
41,22518.0,2025-03-12 09:56:00,NFO,27-MAR-2025,22532.1,22512.15,22527.65,17643675,Futures,NIFTY,11400
42,22522.8,2025-03-12 09:57:00,NFO,27-MAR-2025,22529.55,22513.95,22517.15,17644275,Futures,NIFTY,11325
43,22512.6,2025-03-12 09:58:00,NFO,27-MAR-2025,22522.75,22510.0,22522.0,17644275,Futures,NIFTY,17925
44,22514.0,2025-03-12 09:59:00,NFO,27-MAR-2025,22520.0,22511.0,22512.45,17644275,Futures,NIFTY,7200
45,22501.95,2025-03-12 10:00:00,NFO,27-MAR-2025,22521.3,22501.95,22514.4,17654775,Futures,NIFTY,19275
46,22497.0,2025-03-12 10:01:00,NFO,27-MAR-2025,22510.0,22494.1,22501.1,17654775,Futures,NIFTY,23775
47,22491.25,2025-03-12 10:02:00,NFO,27-MAR-2025,22500.0,22490.0,22496.0,17654775,Futures,NIFTY,18225
48,22495.0,2025-03-12 10:03:00,NFO,27-MAR-2025,22499.95,22490.0,22491.15,17655750,Futures,NIFTY,16875
49,22475.8,2025-03-12 10:04:00,NFO,27-MAR-2025,22495.0,22470.0,22495.0,17655750,Futures,NIFTY,89700
50,22472.05,2025-03-12 10:05:00,NFO,27-MAR-2025,22483.85,22466.7,22476.0,17655750,Futures,NIFTY,42900
51,22480.15,2025-03-12 10:06:00,NFO,27-MAR-2025,22485.0,22472.0,22472.0,17656575,Futures,NIFTY,25350
52,22475.0,2025-03-12 10:07:00,NFO,27-MAR-2025,22485.0,22475.0,22483.45,17656575,Futures,NIFTY,17100
53,22477.4,2025-03-12 10:08:00,NFO,27-MAR-2025,22484.3,22473.05,22475.0,17656575,Futures,NIFTY,17625
54,22478.9,2025-03-12 10:09:00,NFO,27-MAR-2025,22480.0,22473.0,22475.0,17652825,Futures,NIFTY,13725
55,22474.35,2025-03-12 10:10:00,NFO,27-MAR-2025,22474.7,22461.0,22472.0,17652825,Futures,NIFTY,47175
56,22482.0,2025-03-12 10:11:00,NFO,27-MAR-2025,22489.0,22471.4,22474.35,17652825,Futures,NIFTY,26400
57,22483.85,2025-03-12 10:12:00,NFO,27-MAR-2025,22492.8,22481.4,22482.0,17644875,Futures,NIFTY,11175
58,22476.0,2025-03-12 10:13:00,NFO,27-MAR-2025,22484.85,22476.0,22483.85,17644875,Futures,NIFTY,7125
59,22468.5,2025-03-12 10:14:00,NFO,27-MAR-2025,22480.05,22465.0,22477.0,17644875,Futures,NIFTY,17700
60,22455.1,2025-03-12 10:15:00,NFO,27-MAR-2025,22470.0,22452.5,22468.4,17651850,Futures,NIFTY,40800
61,22465.0,2025-03-12 10:16:00,NFO,27-MAR-2025,22471.75,22451.15,22453.45,17651850,Futures,NIFTY,33975
62,22476.85,2025-03-12 10:17:00,NFO,27-MAR-2025,22478.4,22461.0,22464.7,17651850,Futures,NIFTY,24225
63,22467.0,2025-03-12 10:18:00,NFO,27-MAR-2025,22478.2,22465.05,22476.85,17677425,Futures,NIFTY,23250
64,22475.0,2025-03-12 10:19:00,NFO,27-MAR-2025,22475.0,22462.2,22465.0,17677425,Futures,NIFTY,15225
65,22480.0,2025-03-12 10:20:00,NFO,27-MAR-2025,22480.0,22466.1,22471.0,17677425,Futures,NIFTY,6825
66,22485.0,2025-03-12 10:21:00,NFO,27-MAR-2025,22487.9,22475.6,22480.0,17693700,Futures,NIFTY,20250
67,22480.0,2025-03-12 10:22:00,NFO,27-MAR-2025,22487.0,22475.25,22483.1,17693700,Futures,NIFTY,18900
68,22475.55,2025-03-12 10:23:00,NFO,27-MAR-2025,22480.4,22471.0,22480.4,17693700,Futures,NIFTY,9525
69,22470.0,2025-03-12 10:24:00,NFO,27-MAR-2025,22477.25,22468.1,22477.25,17698800,Futures,NIFTY,6900
70,22472.15,2025-03-12 10:25:00,NFO,27-MAR-2025,22474.85,22468.0,22470.55,17698800,Futures,NIFTY,12000
71,22475.75,2025-03-12 10:26:00,NFO,27-MAR-2025,22476.7,22467.05,22472.65,17698800,Futures,NIFTY,5775
72,22465.0,2025-03-12 10:27:00,NFO,27-MAR-2025,22476.3,22465.0,22475.75,17701125,Futures,NIFTY,8025
73,22467.4,2025-03-12 10:28:00,NFO,27-MAR-2025,22472.15,22464.0,22465.0,17701125,Futures,NIFTY,9750
74,22468.0,2025-03-12 10:29:00,NFO,27-MAR-2025,22469.2,22464.35,22466.35,17701125,Futures,NIFTY,6525
75,22461.85,2025-03-12 10:30:00,NFO,27-MAR-2025,22470.7,22460.0,22468.05,17706300,Futures,NIFTY,9225
76,22469.0,2025-03-12 10:31:00,NFO,27-MAR-2025,22469.0,22460.0,22461.1,17706300,Futures,NIFTY,10275
77,22479.9,2025-03-12 10:32:00,NFO,27-MAR-2025,22481.0,22465.15,22469.0,17706300,Futures,NIFTY,7650
78,22485.0,2025-03-12 10:33:00,NFO,27-MAR-2025,22485.0,22474.0,22475.1,17712150,Futures,NIFTY,7425
79,22484.95,2025-03-12 10:34:00,NFO,27-MAR-2025,22485.0,22480.05,22485.0,17712150,Futures,NIFTY,18825
80,22479.3,2025-03-12 10:35:00,NFO,27-MAR-2025,22485.0,22475.0,22485.0,17712150,Futures,NIFTY,9675
81,22500.0,2025-03-12 10:36:00,NFO,27-MAR-2025,22507.0,22479.1,22479.3,17722950,Futures,NIFTY,30900
82,22494.8,2025-03-12 10:37:00,NFO,27-MAR-2025,22504.4,22494.35,22503.3,17722950,Futures,NIFTY,43725
83,22482.05,2025-03-12 10:38:00,NFO,27-MAR-2025,22494.35,22480.05,22493.2,17722950,Futures,NIFTY,26175
84,22489.45,2025-03-12 10:39:00,NFO,27-MAR-2025,22491.05,22484.0,22484.0,17737200,Futures,NIFTY,12825
85,22484.0,2025-03-12 10:40:00,NFO,27-MAR-2025,22490.0,22480.0,22489.45,17737200,Futures,NIFTY,8925
86,22493.25,2025-03-12 10:41:00,NFO,27-MAR-2025,22495.0,22480.95,22484.0,17737200,Futures,NIFTY,11025
87,22495.0,2025-03-12 10:42:00,NFO,27-MAR-2025,22499.0,22489.65,22492.75,17740500,Futures,NIFTY,4200
88,22499.0,2025-03-12 10:43:00,NFO,27-MAR-2025,22499.0,22492.2,22495.0,17740500,Futures,NIFTY,5325
89,22493.0,2025-03-12 10:44:00,NFO,27-MAR-2025,22503.4,22493.0,22499.5,17740500,Futures,NIFTY,11400
90,22495.0,2025-03-12 10:45:00,NFO,27-MAR-2025,22500.0,22493.0,22493.0,17740350,Futures,NIFTY,6450
91,22491.1,2025-03-12 10:46:00,NFO,27-MAR-2025,22497.95,22490.65,22495.0,17740350,Futures,NIFTY,4350
92,22480.0,2025-03-12 10:47:00,NFO,27-MAR-2025,22491.6,22477.0,22491.05,17740350,Futures,NIFTY,15825
93,22474.7,2025-03-12 10:48:00,NFO,27-MAR-2025,22480.0,22472.15,22480.0,17744550,Futures,NIFTY,7125
94,22470.3,2025-03-12 10:49:00,NFO,27-MAR-2025,22478.55,22470.3,22475.55,17744550,Futures,NIFTY,11025
95,22470.0,2025-03-12 10:50:00,NFO,27-MAR-2025,22473.0,22470.0,22470.35,17744550,Futures,NIFTY,4425
96,22472.55,2025-03-12 10:51:00,NFO,27-MAR-2025,22475.0,22470.4,22471.0,17746500,Futures,NIFTY,2625
97,22456.0,2025-03-12 10:52:00,NFO,27-MAR-2025,22472.5,22455.0,22472.5,17746500,Futures,NIFTY,15825
98,22455.35,2025-03-12 10:53:00,NFO,27-MAR-2025,22458.0,22442.4,22456.0,17746500,Futures,NIFTY,76050
99,22456.65,2025-03-12 10:54:00,NFO,27-MAR-2025,22459.9,22452.9,22455.0,17746575,Futures,NIFTY,15450
100,22455.0,2025-03-12 10:55:00,NFO,27-MAR-2025,22456.65,22447.6,22456.65,17746575,Futures,NIFTY,13275
101,22461.7,2025-03-12 10:56:00,NFO,27-MAR-2025,22464.35,22450.2,22455.0,17746575,Futures,NIFTY,8400
102,22457.75,2025-03-12 10:57:00,NFO,27-MAR-2025,22464.7,22453.9,22464.25,17756475,Futures,NIFTY,4275
103,22454.55,2025-03-12 10:58:00,NFO,27-MAR-2025,22459.05,22452.0,22457.45,17756475,Futures,NIFTY,8550
104,22453.95,2025-03-12 10:59:00,NFO,27-MAR-2025,22458.0,22452.6,22454.55,17756475,Futures,NIFTY,5400
105,22460.9,2025-03-12 11:00:00,NFO,27-MAR-2025,22460.9,22453.6,22459.75,17757900,Futures,NIFTY,10800
106,22466.65,2025-03-12 11:01:00,NFO,27-MAR-2025,22466.65,22454.9,22457.0,17757900,Futures,NIFTY,6750
107,22452.1,2025-03-12 11:02:00,NFO,27-MAR-2025,22464.45,22451.0,22464.45,17757900,Futures,NIFTY,6000
108,22445.05,2025-03-12 11:03:00,NFO,27-MAR-2025,22456.6,22444.0,22452.1,17764350,Futures,NIFTY,13350
109,22449.25,2025-03-12 11:04:00,NFO,27-MAR-2025,22453.95,22445.05,22445.05,17764350,Futures,NIFTY,4800
110,22449.25,2025-03-12 11:05:00,NFO,27-MAR-2025,22454.4,22440.6,22449.25,17764350,Futures,NIFTY,14850
111,22461.0,2025-03-12 11:06:00,NFO,27-MAR-2025,22464.0,22449.25,22449.25,17766450,Futures,NIFTY,6300
112,22464.9,2025-03-12 11:07:00,NFO,27-MAR-2025,22469.0,22460.05,22464.0,17766450,Futures,NIFTY,8400
113,22466.0,2025-03-12 11:08:00,NFO,27-MAR-2025,22469.8,22462.0,22466.0,17766450,Futures,NIFTY,8775
114,22465.4,2025-03-12 11:09:00,NFO,27-MAR-2025,22466.0,22463.25,22466.0,17767800,Futures,NIFTY,3600
115,22462.15,2025-03-12 11:10:00,NFO,27-MAR-2025,22468.2,22462.15,22465.4,17767800,Futures,NIFTY,4650
116,22460.1,2025-03-12 11:11:00,NFO,27-MAR-2025,22467.0,22460.0,22467.0,17767800,Futures,NIFTY,2400
117,22462.05,2025-03-12 11:12:00,NFO,27-MAR-2025,22468.15,22460.0,22460.1,17770875,Futures,NIFTY,5100
118,22466.8,2025-03-12 11:13:00,NFO,27-MAR-2025,22467.95,22460.3,22467.95,17770875,Futures,NIFTY,2100
119,22463.0,2025-03-12 11:14:00,NFO,27-MAR-2025,22476.1,22462.55,22466.8,17770875,Futures,NIFTY,19200
120,22463.0,2025-03-12 11:15:00,NFO,27-MAR-2025,22469.75,22458.25,22463.0,17782500,Futures,NIFTY,8925
121,22462.05,2025-03-12 11:16:00,NFO,27-MAR-2025,22466.5,22456.25,22463.0,17782500,Futures,NIFTY,6375
122,22464.1,2025-03-12 11:17:00,NFO,27-MAR-2025,22469.0,22462.0,22462.05,17782500,Futures,NIFTY,3150
123,22468.0,2025-03-12 11:18:00,NFO,27-MAR-2025,22471.65,22464.0,22464.1,17783925,Futures,NIFTY,2175
124,22469.95,2025-03-12 11:19:00,NFO,27-MAR-2025,22474.05,22464.0,22464.0,17783925,Futures,NIFTY,4125
125,22467.2,2025-03-12 11:20:00,NFO,27-MAR-2025,22469.95,22466.85,22469.95,17783925,Futures,NIFTY,750
126,22469.0,2025-03-12 11:21:00,NFO,27-MAR-2025,22470.0,22463.75,22467.2,17783475,Futures,NIFTY,5025
127,22460.2,2025-03-12 11:22:00,NFO,27-MAR-2025,22469.0,22460.0,22469.0,17783475,Futures,NIFTY,2250
128,22463.15,2025-03-12 11:23:00,NFO,27-MAR-2025,22463.15,22455.0,22460.2,17783475,Futures,NIFTY,6000
129,22460.0,2025-03-12 11:24:00,NFO,27-MAR-2025,22463.15,22457.35,22463.15,17783175,Futures,NIFTY,1350
130,22455.0,2025-03-12 11:25:00,NFO,27-MAR-2025,22460.75,22455.0,22460.0,17783175,Futures,NIFTY,2400
131,22451.0,2025-03-12 11:26:00,NFO,27-MAR-2025,22458.0,22451.0,22454.2,17783175,Futures,NIFTY,6900
132,22440.0,2025-03-12 11:27:00,NFO,27-MAR-2025,22452.0,22432.25,22452.0,17792250,Futures,NIFTY,102900
133,22429.15,2025-03-12 11:28:00,NFO,27-MAR-2025,22443.9,22425.55,22442.6,17792250,Futures,NIFTY,50175
134,22434.6,2025-03-12 11:29:00,NFO,27-MAR-2025,22435.4,22428.25,22428.3,17792250,Futures,NIFTY,17775
135,22434.65,2025-03-12 11:30:00,NFO,27-MAR-2025,22435.0,22430.85,22435.0,17796900,Futures,NIFTY,11325
136,22439.85,2025-03-12 11:31:00,NFO,27-MAR-2025,22444.2,22434.0,22436.0,17796900,Futures,NIFTY,11475
137,22438.0,2025-03-12 11:32:00,NFO,27-MAR-2025,22442.6,22435.05,22440.9,17796900,Futures,NIFTY,5025
138,22432.2,2025-03-12 11:33:00,NFO,27-MAR-2025,22438.0,22430.6,22435.0,17794650,Futures,NIFTY,9000
139,22430.0,2025-03-12 11:34:00,NFO,27-MAR-2025,22437.4,22430.0,22431.0,17794650,Futures,NIFTY,10275
140,22433.75,2025-03-12 11:35:00,NFO,27-MAR-2025,22435.0,22428.05,22430.0,17794650,Futures,NIFTY,16425
141,22434.0,2025-03-12 11:36:00,NFO,27-MAR-2025,22436.0,22432.0,22433.75,17795250,Futures,NIFTY,4425
142,22414.65,2025-03-12 11:37:00,NFO,27-MAR-2025,22434.0,22414.65,22432.0,17795250,Futures,NIFTY,64125
143,22410.0,2025-03-12 11:38:00,NFO,27-MAR-2025,22416.0,22406.2,22413.1,17795250,Futures,NIFTY,42075
144,22407.0,2025-03-12 11:39:00,NFO,27-MAR-2025,22413.55,22402.1,22410.6,17790975,Futures,NIFTY,25800
145,22395.75,2025-03-12 11:40:00,NFO,27-MAR-2025,22408.6,22394.95,22407.0,17790975,Futures,NIFTY,57375
146,22404.0,2025-03-12 11:41:00,NFO,27-MAR-2025,22404.0,22390.8,22395.7,17790975,Futures,NIFTY,33150
147,22403.0,2025-03-12 11:42:00,NFO,27-MAR-2025,22410.8,22401.25,22405.0,17782500,Futures,NIFTY,19425
148,22411.8,2025-03-12 11:43:00,NFO,27-MAR-2025,22413.95,22401.5,22403.0,17782500,Futures,NIFTY,11025
149,22405.0,2025-03-12 11:44:00,NFO,27-MAR-2025,22411.0,22403.0,22411.0,17782500,Futures,NIFTY,22650
150,22397.25,2025-03-12 11:45:00,NFO,27-MAR-2025,22408.0,22397.1,22406.0,17790075,Futures,NIFTY,16125
151,22410.0,2025-03-12 11:46:00,NFO,27-MAR-2025,22411.0,22397.25,22399.0,17790075,Futures,NIFTY,9075
152,22410.0,2025-03-12 11:47:00,NFO,27-MAR-2025,22413.7,22407.0,22410.0,17790075,Futures,NIFTY,11175
153,22403.0,2025-03-12 11:48:00,NFO,27-MAR-2025,22410.85,22403.0,22410.7,17792475,Futures,NIFTY,19725
154,22407.65,2025-03-12 11:49:00,NFO,27-MAR-2025,22407.7,22400.0,22405.8,17792475,Futures,NIFTY,7800
155,22408.55,2025-03-12 11:50:00,NFO,27-MAR-2025,22412.8,22406.1,22407.65,17792475,Futures,NIFTY,10050
156,22403.0,2025-03-12 11:51:00,NFO,27-MAR-2025,22409.95,22402.0,22409.95,17800875,Futures,NIFTY,5250
157,22403.2,2025-03-12 11:52:00,NFO,27-MAR-2025,22405.0,22400.0,22403.0,17800875,Futures,NIFTY,5775
158,22399.0,2025-03-12 11:53:00,NFO,27-MAR-2025,22405.0,22399.0,22403.2,17800875,Futures,NIFTY,6450
159,22392.0,2025-03-12 11:54:00,NFO,27-MAR-2025,22402.0,22392.0,22398.0,17802450,Futures,NIFTY,9600
160,22402.05,2025-03-12 11:55:00,NFO,27-MAR-2025,22404.9,22390.05,22392.0,17802450,Futures,NIFTY,10125
161,22405.0,2025-03-12 11:56:00,NFO,27-MAR-2025,22409.2,22401.1,22404.95,17802450,Futures,NIFTY,6000
162,22392.4,2025-03-12 11:57:00,NFO,27-MAR-2025,22405.0,22392.0,22405.0,17808825,Futures,NIFTY,9150
163,22392.0,2025-03-12 11:58:00,NFO,27-MAR-2025,22394.8,22382.0,22391.2,17808825,Futures,NIFTY,29775
164,22389.0,2025-03-12 11:59:00,NFO,27-MAR-2025,22395.0,22387.05,22392.0,17808825,Futures,NIFTY,7575
165,22389.5,2025-03-12 12:00:00,NFO,27-MAR-2025,22395.0,22387.0,22389.75,17824125,Futures,NIFTY,10650
166,22389.05,2025-03-12 12:01:00,NFO,27-MAR-2025,22393.7,22389.0,22390.0,17824125,Futures,NIFTY,10875
167,22400.0,2025-03-12 12:02:00,NFO,27-MAR-2025,22400.0,22388.9,22389.05,17824125,Futures,NIFTY,18675
168,22400.35,2025-03-12 12:03:00,NFO,27-MAR-2025,22403.95,22394.25,22400.0,17816025,Futures,NIFTY,15150
169,22392.1,2025-03-12 12:04:00,NFO,27-MAR-2025,22400.95,22391.1,22400.0,17816025,Futures,NIFTY,17325
170,22394.45,2025-03-12 12:05:00,NFO,27-MAR-2025,22400.0,22386.65,22392.1,17816025,Futures,NIFTY,6900
171,22404.0,2025-03-12 12:06:00,NFO,27-MAR-2025,22407.85,22394.45,22394.45,17824200,Futures,NIFTY,5850
172,22410.1,2025-03-12 12:07:00,NFO,27-MAR-2025,22411.75,22404.0,22404.95,17824200,Futures,NIFTY,10275
173,22409.0,2025-03-12 12:08:00,NFO,27-MAR-2025,22410.1,22405.55,22410.1,17824200,Futures,NIFTY,10200
174,22407.85,2025-03-12 12:09:00,NFO,27-MAR-2025,22410.7,22407.85,22410.55,17830875,Futures,NIFTY,3750
175,22406.95,2025-03-12 12:10:00,NFO,27-MAR-2025,22409.65,22404.0,22406.9,17830875,Futures,NIFTY,5925
176,22404.9,2025-03-12 12:11:00,NFO,27-MAR-2025,22410.0,22404.9,22407.95,17830875,Futures,NIFTY,6450
177,22406.65,2025-03-12 12:12:00,NFO,27-MAR-2025,22409.9,22403.0,22407.8,17837100,Futures,NIFTY,3150
178,22406.0,2025-03-12 12:13:00,NFO,27-MAR-2025,22411.45,22405.0,22406.65,17837100,Futures,NIFTY,6825
179,22413.95,2025-03-12 12:14:00,NFO,27-MAR-2025,22414.45,22402.75,22403.0,17837100,Futures,NIFTY,12300
180,22420.0,2025-03-12 12:15:00,NFO,27-MAR-2025,22420.0,22407.6,22413.0,17845350,Futures,NIFTY,31500
181,22408.4,2025-03-12 12:16:00,NFO,27-MAR-2025,22420.0,22408.4,22420.0,17845350,Futures,NIFTY,17250
182,22403.0,2025-03-12 12:17:00,NFO,27-MAR-2025,22411.0,22403.0,22408.4,17845350,Futures,NIFTY,5925
183,22397.05,2025-03-12 12:18:00,NFO,27-MAR-2025,22407.0,22396.1,22406.95,17854350,Futures,NIFTY,11250
184,22395.15,2025-03-12 12:19:00,NFO,27-MAR-2025,22400.0,22394.35,22397.05,17854350,Futures,NIFTY,8550
185,22390.35,2025-03-12 12:20:00,NFO,27-MAR-2025,22395.75,22386.9,22395.7,17854350,Futures,NIFTY,28500
186,22398.55,2025-03-12 12:21:00,NFO,27-MAR-2025,22399.0,22390.35,22390.35,17848350,Futures,NIFTY,7275
187,22393.0,2025-03-12 12:22:00,NFO,27-MAR-2025,22400.0,22393.0,22394.1,17848350,Futures,NIFTY,6000
188,22396.0,2025-03-12 12:23:00,NFO,27-MAR-2025,22398.45,22390.3,22396.0,17848350,Futures,NIFTY,5250
189,22397.7,2025-03-12 12:24:00,NFO,27-MAR-2025,22399.85,22394.0,22396.0,17848350,Futures,NIFTY,1650
190,22396.1,2025-03-12 12:25:00,NFO,27-MAR-2025,22400.0,22393.1,22397.7,17852700,Futures,NIFTY,2625
191,22401.05,2025-03-12 12:26:00,NFO,27-MAR-2025,22401.05,22392.0,22395.0,17852700,Futures,NIFTY,7350
192,22403.0,2025-03-12 12:27:00,NFO,27-MAR-2025,22403.25,22400.0,22400.0,17857425,Futures,NIFTY,5475
193,22405.0,2025-03-12 12:28:00,NFO,27-MAR-2025,22408.1,22396.2,22400.1,17857425,Futures,NIFTY,12525
194,22410.0,2025-03-12 12:29:00,NFO,27-MAR-2025,22411.9,22405.0,22405.0,17857425,Futures,NIFTY,5025
195,22415.0,2025-03-12 12:30:00,NFO,27-MAR-2025,22415.0,22408.0,22410.0,17869800,Futures,NIFTY,7425
196,22417.7,2025-03-12 12:31:00,NFO,27-MAR-2025,22420.0,22412.15,22412.15,17869800,Futures,NIFTY,12000
197,22422.0,2025-03-12 12:32:00,NFO,27-MAR-2025,22423.35,22415.0,22417.95,17869800,Futures,NIFTY,19200
198,22422.0,2025-03-12 12:33:00,NFO,27-MAR-2025,22422.0,22415.0,22421.95,17884950,Futures,NIFTY,10950
199,22420.35,2025-03-12 12:34:00,NFO,27-MAR-2025,22423.1,22416.15,22422.0,17884950,Futures,NIFTY,10950
200,22419.05,2025-03-12 12:35:00,NFO,27-MAR-2025,22424.15,22415.8,22423.0,17884950,Futures,NIFTY,8700
201,22419.0,2025-03-12 12:36:00,NFO,27-MAR-2025,22421.95,22412.45,22419.05,17886825,Futures,NIFTY,8325
202,22419.55,2025-03-12 12:37:00,NFO,27-MAR-2025,22421.0,22415.0,22419.0,17886825,Futures,NIFTY,6300
203,22418.35,2025-03-12 12:38:00,NFO,27-MAR-2025,22419.8,22415.65,22419.55,17886825,Futures,NIFTY,2475
204,22405.0,2025-03-12 12:39:00,NFO,27-MAR-2025,22418.35,22402.4,22418.35,17886825,Futures,NIFTY,8025
205,22400.0,2025-03-12 12:40:00,NFO,27-MAR-2025,22405.1,22400.0,22405.0,17892675,Futures,NIFTY,6975
206,22395.25,2025-03-12 12:41:00,NFO,27-MAR-2025,22402.0,22395.0,22400.0,17892675,Futures,NIFTY,12900
207,22391.35,2025-03-12 12:42:00,NFO,27-MAR-2025,22396.0,22390.0,22396.0,17901750,Futures,NIFTY,9300
208,22393.1,2025-03-12 12:43:00,NFO,27-MAR-2025,22394.0,22391.0,22391.35,17901750,Futures,NIFTY,3525
209,22394.0,2025-03-12 12:44:00,NFO,27-MAR-2025,22394.0,22389.7,22393.1,17901750,Futures,NIFTY,8925
210,22397.0,2025-03-12 12:45:00,NFO,27-MAR-2025,22397.0,22388.65,22392.05,17905275,Futures,NIFTY,7950
211,22384.65,2025-03-12 12:46:00,NFO,27-MAR-2025,22399.1,22380.2,22396.0,17905275,Futures,NIFTY,16500
212,22391.7,2025-03-12 12:47:00,NFO,27-MAR-2025,22394.1,22384.7,22384.7,17905275,Futures,NIFTY,6975
213,22388.1,2025-03-12 12:48:00,NFO,27-MAR-2025,22394.7,22385.7,22391.7,17909250,Futures,NIFTY,3675
214,22388.0,2025-03-12 12:49:00,NFO,27-MAR-2025,22392.7,22385.0,22388.05,17909250,Futures,NIFTY,6075
215,22389.95,2025-03-12 12:50:00,NFO,27-MAR-2025,22393.9,22385.55,22386.6,17909250,Futures,NIFTY,5850
216,22394.4,2025-03-12 12:51:00,NFO,27-MAR-2025,22395.95,22388.3,22389.95,17909250,Futures,NIFTY,3075
217,22399.65,2025-03-12 12:52:00,NFO,27-MAR-2025,22399.65,22385.8,22394.4,17914425,Futures,NIFTY,28500
218,22405.25,2025-03-12 12:53:00,NFO,27-MAR-2025,22407.75,22396.3,22396.3,17914425,Futures,NIFTY,5475
219,22414.5,2025-03-12 12:54:00,NFO,27-MAR-2025,22415.35,22405.0,22405.25,17896200,Futures,NIFTY,8250
220,22415.0,2025-03-12 12:55:00,NFO,27-MAR-2025,22420.6,22412.05,22414.5,17896200,Futures,NIFTY,8850
221,22424.0,2025-03-12 12:56:00,NFO,27-MAR-2025,22425.0,22415.0,22419.25,17896200,Futures,NIFTY,32625
222,22424.75,2025-03-12 12:57:00,NFO,27-MAR-2025,22425.0,22422.0,22425.0,17901075,Futures,NIFTY,7650
223,22415.0,2025-03-12 12:58:00,NFO,27-MAR-2025,22423.0,22415.0,22423.0,17901075,Futures,NIFTY,4275
224,22412.7,2025-03-12 12:59:00,NFO,27-MAR-2025,22419.0,22412.05,22415.05,17901075,Futures,NIFTY,3075
225,22407.0,2025-03-12 13:00:00,NFO,27-MAR-2025,22413.4,22407.0,22413.0,17899650,Futures,NIFTY,4875
226,22419.55,2025-03-12 13:01:00,NFO,27-MAR-2025,22419.55,22406.0,22407.0,17899650,Futures,NIFTY,4050
227,22418.0,2025-03-12 13:02:00,NFO,27-MAR-2025,22419.55,22415.0,22419.55,17899650,Futures,NIFTY,7275
228,22428.6,2025-03-12 13:03:00,NFO,27-MAR-2025,22428.6,22416.0,22418.0,17893575,Futures,NIFTY,5775
229,22429.0,2025-03-12 13:04:00,NFO,27-MAR-2025,22430.0,22425.85,22428.6,17893575,Futures,NIFTY,8400
230,22421.35,2025-03-12 13:05:00,NFO,27-MAR-2025,22430.0,22420.3,22430.0,17893575,Futures,NIFTY,8775
231,22421.1,2025-03-12 13:06:00,NFO,27-MAR-2025,22428.0,22421.0,22421.35,17893575,Futures,NIFTY,2775
232,22424.6,2025-03-12 13:07:00,NFO,27-MAR-2025,22427.0,22421.05,22424.0,17892150,Futures,NIFTY,3750
233,22429.1,2025-03-12 13:08:00,NFO,27-MAR-2025,22434.9,22423.6,22424.6,17892150,Futures,NIFTY,17925
234,22433.15,2025-03-12 13:09:00,NFO,27-MAR-2025,22434.0,22423.0,22425.5,17892150,Futures,NIFTY,4575
235,22434.0,2025-03-12 13:10:00,NFO,27-MAR-2025,22434.0,22426.75,22432.9,17890350,Futures,NIFTY,4425
236,22425.0,2025-03-12 13:11:00,NFO,27-MAR-2025,22434.05,22425.0,22434.0,17890350,Futures,NIFTY,12225
237,22425.0,2025-03-12 13:12:00,NFO,27-MAR-2025,22426.6,22420.0,22425.0,17890350,Futures,NIFTY,3825
238,22427.8,2025-03-12 13:13:00,NFO,27-MAR-2025,22432.6,22425.0,22425.0,17894925,Futures,NIFTY,4125
239,22445.0,2025-03-12 13:14:00,NFO,27-MAR-2025,22447.3,22426.85,22427.8,17894925,Futures,NIFTY,36975
240,22450.0,2025-03-12 13:15:00,NFO,27-MAR-2025,22451.0,22441.25,22441.25,17905050,Futures,NIFTY,31650
241,22459.0,2025-03-12 13:16:00,NFO,27-MAR-2025,22460.0,22445.2,22450.0,17905050,Futures,NIFTY,25725
242,22457.0,2025-03-12 13:17:00,NFO,27-MAR-2025,22460.0,22450.65,22458.7,17905050,Futures,NIFTY,13875
243,22460.5,2025-03-12 13:18:00,NFO,27-MAR-2025,22469.0,22457.05,22457.2,17897475,Futures,NIFTY,27375
244,22465.0,2025-03-12 13:19:00,NFO,27-MAR-2025,22468.0,22457.0,22464.75,17897475,Futures,NIFTY,12300
245,22461.2,2025-03-12 13:20:00,NFO,27-MAR-2025,22466.45,22459.25,22465.0,17897475,Futures,NIFTY,11100
246,22459.85,2025-03-12 13:21:00,NFO,27-MAR-2025,22464.85,22454.05,22464.85,17897475,Futures,NIFTY,7275
247,22468.9,2025-03-12 13:22:00,NFO,27-MAR-2025,22474.45,22459.35,22460.0,17896725,Futures,NIFTY,20400
248,22478.55,2025-03-12 13:23:00,NFO,27-MAR-2025,22479.75,22468.9,22468.9,17896725,Futures,NIFTY,36375
249,22479.7,2025-03-12 13:24:00,NFO,27-MAR-2025,22483.7,22473.25,22479.0,17896725,Futures,NIFTY,43650
250,22470.7,2025-03-12 13:25:00,NFO,27-MAR-2025,22479.8,22467.3,22475.0,17877675,Futures,NIFTY,16350
251,22478.95,2025-03-12 13:26:00,NFO,27-MAR-2025,22479.05,22470.7,22470.7,17877675,Futures,NIFTY,8850
252,22466.05,2025-03-12 13:27:00,NFO,27-MAR-2025,22479.7,22466.0,22479.7,17877675,Futures,NIFTY,5400
253,22463.05,2025-03-12 13:28:00,NFO,27-MAR-2025,22471.15,22463.05,22471.15,17869425,Futures,NIFTY,8025
254,22465.05,2025-03-12 13:29:00,NFO,27-MAR-2025,22470.0,22463.05,22463.05,17869425,Futures,NIFTY,7875
255,22475.0,2025-03-12 13:30:00,NFO,27-MAR-2025,22480.0,22464.1,22465.05,17869425,Futures,NIFTY,14475
256,22478.3,2025-03-12 13:31:00,NFO,27-MAR-2025,22481.0,22472.1,22475.0,17838225,Futures,NIFTY,16275
257,22478.05,2025-03-12 13:32:00,NFO,27-MAR-2025,22478.85,22471.7,22475.7,17838225,Futures,NIFTY,5625
258,22472.75,2025-03-12 13:33:00,NFO,27-MAR-2025,22489.0,22472.75,22478.05,17838225,Futures,NIFTY,18225
259,22461.05,2025-03-12 13:34:00,NFO,27-MAR-2025,22473.0,22460.4,22472.75,17828400,Futures,NIFTY,12825
260,22452.55,2025-03-12 13:35:00,NFO,27-MAR-2025,22464.4,22448.9,22462.0,17828400,Futures,NIFTY,24150
261,22458.0,2025-03-12 13:36:00,NFO,27-MAR-2025,22459.0,22452.6,22453.05,17828400,Futures,NIFTY,8625
262,22458.0,2025-03-12 13:37:00,NFO,27-MAR-2025,22463.0,22453.0,22458.0,17824950,Futures,NIFTY,4425
263,22460.85,2025-03-12 13:38:00,NFO,27-MAR-2025,22462.35,22455.0,22455.0,17824950,Futures,NIFTY,3600
264,22453.95,2025-03-12 13:39:00,NFO,27-MAR-2025,22461.0,22451.0,22460.85,17824950,Futures,NIFTY,7200
265,22459.7,2025-03-12 13:40:00,NFO,27-MAR-2025,22463.95,22455.0,22456.25,17825700,Futures,NIFTY,4725
266,22458.1,2025-03-12 13:41:00,NFO,27-MAR-2025,22462.05,22455.0,22459.7,17825700,Futures,NIFTY,3975
267,22460.0,2025-03-12 13:42:00,NFO,27-MAR-2025,22464.95,22458.1,22458.1,17825700,Futures,NIFTY,1800
268,22448.1,2025-03-12 13:43:00,NFO,27-MAR-2025,22461.1,22445.0,22460.0,17825550,Futures,NIFTY,6300
269,22452.55,2025-03-12 13:44:00,NFO,27-MAR-2025,22458.45,22445.6,22445.6,17825550,Futures,NIFTY,4500
270,22459.7,2025-03-12 13:45:00,NFO,27-MAR-2025,22462.0,22452.0,22452.55,17825550,Futures,NIFTY,3900
271,22452.7,2025-03-12 13:46:00,NFO,27-MAR-2025,22459.7,22452.0,22459.7,17826000,Futures,NIFTY,2625
272,22450.5,2025-03-12 13:47:00,NFO,27-MAR-2025,22452.7,22445.05,22452.7,17826000,Futures,NIFTY,5475
273,22459.0,2025-03-12 13:48:00,NFO,27-MAR-2025,22459.9,22450.15,22450.5,17826000,Futures,NIFTY,3450
274,22464.0,2025-03-12 13:49:00,NFO,27-MAR-2025,22464.95,22456.2,22456.2,17822325,Futures,NIFTY,1950
275,22460.95,2025-03-12 13:50:00,NFO,27-MAR-2025,22464.0,22460.0,22464.0,17822325,Futures,NIFTY,2550
276,22456.0,2025-03-12 13:51:00,NFO,27-MAR-2025,22460.95,22456.0,22459.7,17822325,Futures,NIFTY,6300
277,22445.6,2025-03-12 13:52:00,NFO,27-MAR-2025,22456.0,22445.0,22456.0,17824950,Futures,NIFTY,5625
278,22449.0,2025-03-12 13:53:00,NFO,27-MAR-2025,22450.0,22445.0,22445.6,17824950,Futures,NIFTY,5775
279,22440.05,2025-03-12 13:54:00,NFO,27-MAR-2025,22449.0,22438.8,22449.0,17824950,Futures,NIFTY,8925
280,22448.9,2025-03-12 13:55:00,NFO,27-MAR-2025,22449.0,22439.0,22440.0,17824800,Futures,NIFTY,3900
281,22451.9,2025-03-12 13:56:00,NFO,27-MAR-2025,22455.0,22445.0,22449.0,17824800,Futures,NIFTY,6450
282,22455.0,2025-03-12 13:57:00,NFO,27-MAR-2025,22455.0,22445.1,22450.3,17824800,Futures,NIFTY,4050
283,22449.55,2025-03-12 13:58:00,NFO,27-MAR-2025,22458.8,22448.4,22455.0,17825700,Futures,NIFTY,7950
284,22457.95,2025-03-12 13:59:00,NFO,27-MAR-2025,22457.95,22448.4,22455.0,17825700,Futures,NIFTY,2400
285,22462.9,2025-03-12 14:00:00,NFO,27-MAR-2025,22469.5,22454.0,22454.0,17825700,Futures,NIFTY,9450
286,22464.0,2025-03-12 14:01:00,NFO,27-MAR-2025,22469.55,22460.0,22462.75,17827350,Futures,NIFTY,3450
287,22473.65,2025-03-12 14:02:00,NFO,27-MAR-2025,22474.0,22464.0,22464.0,17827350,Futures,NIFTY,6600
288,22472.0,2025-03-12 14:03:00,NFO,27-MAR-2025,22472.0,22465.1,22470.1,17827350,Futures,NIFTY,6450
289,22472.0,2025-03-12 14:04:00,NFO,27-MAR-2025,22472.0,22464.0,22470.0,17823525,Futures,NIFTY,5475
290,22470.95,2025-03-12 14:05:00,NFO,27-MAR-2025,22472.0,22465.05,22472.0,17823525,Futures,NIFTY,2700
291,22474.0,2025-03-12 14:06:00,NFO,27-MAR-2025,22474.0,22468.0,22470.95,17823525,Futures,NIFTY,6525
292,22473.0,2025-03-12 14:07:00,NFO,27-MAR-2025,22479.0,22473.0,22474.0,17820750,Futures,NIFTY,18000
293,22475.0,2025-03-12 14:08:00,NFO,27-MAR-2025,22475.0,22470.0,22473.0,17820750,Futures,NIFTY,1950
294,22478.0,2025-03-12 14:09:00,NFO,27-MAR-2025,22478.0,22475.0,22475.0,17820750,Futures,NIFTY,2550
295,22476.0,2025-03-12 14:10:00,NFO,27-MAR-2025,22478.0,22472.3,22478.0,17819325,Futures,NIFTY,4575
296,22477.1,2025-03-12 14:11:00,NFO,27-MAR-2025,22480.0,22476.0,22476.0,17819325,Futures,NIFTY,8175
297,22478.0,2025-03-12 14:12:00,NFO,27-MAR-2025,22480.0,22474.2,22480.0,17819325,Futures,NIFTY,3600
298,22472.25,2025-03-12 14:13:00,NFO,27-MAR-2025,22478.0,22472.25,22478.0,17814675,Futures,NIFTY,2775
299,22482.0,2025-03-12 14:14:00,NFO,27-MAR-2025,22483.0,22472.0,22472.0,17814675,Futures,NIFTY,7650
300,22480.95,2025-03-12 14:15:00,NFO,27-MAR-2025,22483.0,22474.95,22482.95,17814675,Futures,NIFTY,5700
301,22505.0,2025-03-12 14:16:00,NFO,27-MAR-2025,22505.0,22477.5,22477.5,17810850,Futures,NIFTY,43050
302,22503.0,2025-03-12 14:17:00,NFO,27-MAR-2025,22509.55,22500.0,22505.0,17810850,Futures,NIFTY,28200
303,22505.0,2025-03-12 14:18:00,NFO,27-MAR-2025,22508.1,22500.65,22502.4,17810850,Futures,NIFTY,6450
304,22510.0,2025-03-12 14:19:00,NFO,27-MAR-2025,22510.0,22502.0,22505.0,17793300,Futures,NIFTY,16125
305,22510.1,2025-03-12 14:20:00,NFO,27-MAR-2025,22520.7,22510.0,22513.0,17793300,Futures,NIFTY,49125
306,22500.0,2025-03-12 14:21:00,NFO,27-MAR-2025,22511.9,22500.0,22511.3,17793300,Futures,NIFTY,15075
307,22498.15,2025-03-12 14:22:00,NFO,27-MAR-2025,22503.1,22498.05,22501.0,17760000,Futures,NIFTY,10500
308,22503.25,2025-03-12 14:23:00,NFO,27-MAR-2025,22506.0,22498.0,22498.15,17760000,Futures,NIFTY,11700
309,22513.1,2025-03-12 14:24:00,NFO,27-MAR-2025,22513.1,22501.15,22505.85,17760000,Futures,NIFTY,8850
310,22505.9,2025-03-12 14:25:00,NFO,27-MAR-2025,22511.6,22505.25,22506.0,17751225,Futures,NIFTY,3600
311,22510.45,2025-03-12 14:26:00,NFO,27-MAR-2025,22514.9,22505.0,22507.0,17751225,Futures,NIFTY,5850
312,22517.0,2025-03-12 14:27:00,NFO,27-MAR-2025,22522.0,22510.45,22510.45,17751225,Futures,NIFTY,11850
313,22526.0,2025-03-12 14:28:00,NFO,27-MAR-2025,22530.4,22517.85,22517.85,17742225,Futures,NIFTY,31800
314,22527.95,2025-03-12 14:29:00,NFO,27-MAR-2025,22532.0,22521.75,22532.0,17742225,Futures,NIFTY,35925
315,22533.0,2025-03-12 14:30:00,NFO,27-MAR-2025,22540.3,22527.0,22528.0,17742225,Futures,NIFTY,75450
316,22525.0,2025-03-12 14:31:00,NFO,27-MAR-2025,22533.0,22522.2,22533.0,17736300,Futures,NIFTY,15450
317,22521.45,2025-03-12 14:32:00,NFO,27-MAR-2025,22530.0,22519.3,22525.0,17736300,Futures,NIFTY,7200
318,22519.0,2025-03-12 14:33:00,NFO,27-MAR-2025,22525.6,22519.0,22520.3,17736300,Futures,NIFTY,6150
319,22523.9,2025-03-12 14:34:00,NFO,27-MAR-2025,22524.0,22517.0,22518.75,17740575,Futures,NIFTY,7950
320,22524.0,2025-03-12 14:35:00,NFO,27-MAR-2025,22526.75,22519.1,22524.05,17740575,Futures,NIFTY,5625
321,22525.25,2025-03-12 14:36:00,NFO,27-MAR-2025,22525.95,22520.0,22524.0,17740575,Futures,NIFTY,5625
322,22520.0,2025-03-12 14:37:00,NFO,27-MAR-2025,22525.0,22515.2,22525.0,17738400,Futures,NIFTY,7950
323,22521.9,2025-03-12 14:38:00,NFO,27-MAR-2025,22522.0,22518.55,22520.0,17738400,Futures,NIFTY,3525
324,22519.05,2025-03-12 14:39:00,NFO,27-MAR-2025,22525.0,22517.2,22521.9,17738400,Futures,NIFTY,5250
325,22519.4,2025-03-12 14:40:00,NFO,27-MAR-2025,22522.0,22515.15,22519.05,17738700,Futures,NIFTY,4125
326,22523.0,2025-03-12 14:41:00,NFO,27-MAR-2025,22523.45,22517.0,22521.0,17738700,Futures,NIFTY,5925
327,22519.9,2025-03-12 14:42:00,NFO,27-MAR-2025,22525.0,22517.2,22523.0,17738700,Futures,NIFTY,7125
328,22502.8,2025-03-12 14:43:00,NFO,27-MAR-2025,22520.15,22494.65,22520.15,17732850,Futures,NIFTY,25800
329,22500.35,2025-03-12 14:44:00,NFO,27-MAR-2025,22507.35,22496.6,22496.6,17732850,Futures,NIFTY,15000
330,22509.15,2025-03-12 14:45:00,NFO,27-MAR-2025,22509.15,22496.95,22496.95,17732850,Futures,NIFTY,5925
331,22516.4,2025-03-12 14:46:00,NFO,27-MAR-2025,22516.4,22505.35,22507.95,17731875,Futures,NIFTY,3600
332,22515.25,2025-03-12 14:47:00,NFO,27-MAR-2025,22516.4,22511.85,22516.4,17731875,Futures,NIFTY,3525
333,22515.0,2025-03-12 14:48:00,NFO,27-MAR-2025,22522.35,22515.0,22515.25,17731875,Futures,NIFTY,3525
334,22520.0,2025-03-12 14:49:00,NFO,27-MAR-2025,22521.0,22515.0,22517.0,17731800,Futures,NIFTY,8175
335,22520.65,2025-03-12 14:50:00,NFO,27-MAR-2025,22522.55,22516.65,22521.0,17731800,Futures,NIFTY,3150
336,22524.7,2025-03-12 14:51:00,NFO,27-MAR-2025,22525.0,22518.6,22520.65,17731800,Futures,NIFTY,6900
337,22525.0,2025-03-12 14:52:00,NFO,27-MAR-2025,22525.0,22516.6,22524.7,17729625,Futures,NIFTY,7500
338,22522.0,2025-03-12 14:53:00,NFO,27-MAR-2025,22526.3,22521.0,22522.0,17729625,Futures,NIFTY,9600
339,22520.25,2025-03-12 14:54:00,NFO,27-MAR-2025,22524.35,22519.5,22522.0,17729625,Futures,NIFTY,3825
340,22520.0,2025-03-12 14:55:00,NFO,27-MAR-2025,22523.7,22520.0,22523.7,17724000,Futures,NIFTY,4575
341,22524.75,2025-03-12 14:56:00,NFO,27-MAR-2025,22527.5,22518.0,22520.0,17724000,Futures,NIFTY,9150
342,22527.45,2025-03-12 14:57:00,NFO,27-MAR-2025,22527.5,22524.75,22524.75,17724000,Futures,NIFTY,3750
343,22525.0,2025-03-12 14:58:00,NFO,27-MAR-2025,22528.0,22522.0,22527.5,17724750,Futures,NIFTY,6375
344,22534.45,2025-03-12 14:59:00,NFO,27-MAR-2025,22535.0,22525.0,22525.0,17724750,Futures,NIFTY,19050
345,22529.3,2025-03-12 15:00:00,NFO,27-MAR-2025,22539.9,22528.5,22534.45,17724750,Futures,NIFTY,27900
346,22529.0,2025-03-12 15:01:00,NFO,27-MAR-2025,22533.0,22521.15,22529.85,17713425,Futures,NIFTY,8325
347,22532.25,2025-03-12 15:02:00,NFO,27-MAR-2025,22533.3,22527.7,22527.7,17713425,Futures,NIFTY,11475
348,22534.0,2025-03-12 15:03:00,NFO,27-MAR-2025,22534.4,22526.25,22533.7,17713425,Futures,NIFTY,8625
349,22533.4,2025-03-12 15:04:00,NFO,27-MAR-2025,22536.95,22531.0,22534.0,17697375,Futures,NIFTY,10875
350,22527.0,2025-03-12 15:05:00,NFO,27-MAR-2025,22535.0,22526.15,22533.4,17697375,Futures,NIFTY,7650
351,22526.05,2025-03-12 15:06:00,NFO,27-MAR-2025,22532.0,22526.05,22528.0,17697375,Futures,NIFTY,6000
352,22528.6,2025-03-12 15:07:00,NFO,27-MAR-2025,22532.6,22525.0,22527.6,17695575,Futures,NIFTY,12150
353,22534.95,2025-03-12 15:08:00,NFO,27-MAR-2025,22534.95,22528.0,22528.6,17695575,Futures,NIFTY,7200
354,22541.0,2025-03-12 15:09:00,NFO,27-MAR-2025,22545.05,22533.25,22535.0,17695575,Futures,NIFTY,42825
355,22545.0,2025-03-12 15:10:00,NFO,27-MAR-2025,22549.0,22541.4,22541.7,17678775,Futures,NIFTY,27975
356,22546.0,2025-03-12 15:11:00,NFO,27-MAR-2025,22548.0,22538.65,22545.0,17678775,Futures,NIFTY,24450
357,22538.65,2025-03-12 15:12:00,NFO,27-MAR-2025,22547.65,22538.1,22542.05,17678775,Futures,NIFTY,25275
358,22535.0,2025-03-12 15:13:00,NFO,27-MAR-2025,22541.6,22532.0,22538.65,17653875,Futures,NIFTY,11625
359,22532.1,2025-03-12 15:14:00,NFO,27-MAR-2025,22539.4,22530.0,22532.15,17653875,Futures,NIFTY,29550
360,22526.9,2025-03-12 15:15:00,NFO,27-MAR-2025,22536.3,22525.0,22530.05,17653875,Futures,NIFTY,15975
361,22523.45,2025-03-12 15:16:00,NFO,27-MAR-2025,22527.0,22519.8,22525.7,17635725,Futures,NIFTY,30375
362,22522.0,2025-03-12 15:17:00,NFO,27-MAR-2025,22524.9,22519.0,22521.0,17635725,Futures,NIFTY,11775
363,22521.2,2025-03-12 15:18:00,NFO,27-MAR-2025,22525.0,22517.0,22521.0,17635725,Futures,NIFTY,14325
364,22520.0,2025-03-12 15:19:00,NFO,27-MAR-2025,22525.0,22520.0,22523.05,17622825,Futures,NIFTY,8550
365,22520.4,2025-03-12 15:20:00,NFO,27-MAR-2025,22525.0,22520.0,22524.8,17622825,Futures,NIFTY,12600
366,22524.1,2025-03-12 15:21:00,NFO,27-MAR-2025,22525.0,22520.6,22524.0,17622825,Futures,NIFTY,6450
367,22524.0,2025-03-12 15:22:00,NFO,27-MAR-2025,22525.0,22520.65,22524.1,17613675,Futures,NIFTY,13050
368,22525.0,2025-03-12 15:23:00,NFO,27-MAR-2025,22525.0,22521.9,22524.0,17613675,Futures,NIFTY,27150
369,22527.6,2025-03-12 15:24:00,NFO,27-MAR-2025,22528.0,22523.55,22525.0,17613675,Futures,NIFTY,27150
370,22521.9,2025-03-12 15:25:00,NFO,27-MAR-2025,22528.0,22521.9,22528.0,17574600,Futures,NIFTY,14850
371,22522.05,2025-03-12 15:26:00,NFO,27-MAR-2025,22525.0,22520.5,22521.0,17574600,Futures,NIFTY,20925
372,22528.0,2025-03-12 15:27:00,NFO,27-MAR-2025,22528.45,22522.2,22524.95,17574600,Futures,NIFTY,17625
373,22526.0,2025-03-12 15:28:00,NFO,27-MAR-2025,22529.45,22525.45,22528.0,17553825,Futures,NIFTY,29025
374,22525.9,2025-03-12 15:29:00,NFO,27-MAR-2025,22529.05,22520.05,22527.95,17553825,Futures,NIFTY,50250
